id,company_name,book_value,roe_percentage,roce_percentage,market_cap_crore,pe_ratio,pb_ratio
ABB,Abbott India Ltd,1657.0,34.9,46.0,844312.98,19.29,14.26
ABB,Abbott India Ltd,1657.0,34.9,46.0,923674.33,67.54,13.03
ABB,Abbott India Ltd,1657.0,34.9,46.0,1020674.09,62.63,6.67
ABB,Abbott India Ltd,1657.0,34.9,46.0,1161513.28,58.34,12.72
ABB,Abbott India Ltd,1657.0,34.9,46.0,1185994.82,18.68,4.75
ABB,Abbott India Ltd,1657.0,34.9,46.0,1536236.24,75.58,4.48
ADANIENSOL,Adani Energy Solutions Ltd,175.0,8.59,9.0,171905.69,76.72,12.85
ADANIENSOL,Adani Energy Solutions Ltd,175.0,8.59,9.0,217135.25,35.93,9.79
ADANIENSOL,Adani Energy Solutions Ltd,175.0,8.59,9.0,263283.51,28.96,13.96
ADANIENSOL,Adani Energy Solutions Ltd,175.0,8.59,9.0,275655.59,59.65,14.71
ADANIENSOL,Adani Energy Solutions Ltd,175.0,8.59,9.0,306303.52,71.21,6.44
ADANIENSOL,Adani Energy Solutions Ltd,175.0,8.59,9.0,348517.36,58.5,9.05
ADANIENT,Adani Enterprises Ltd,363.0,13.64,11.6,173718.83,56.08,5.69
ADANIENT,Adani Enterprises Ltd,363.0,13.64,11.6,186771.02,56.13,9.8
ADANIENT,Adani Enterprises Ltd,363.0,13.64,11.6,187927.97,58.87,10.41
ADANIENT,Adani Enterprises Ltd,363.0,13.64,11.6,196563.95,65.7,5.32
ADANIENT,Adani Enterprises Ltd,363.0,13.64,11.6,205258.66,72.59,8.25
ADANIENT,Adani Enterprises Ltd,363.0,13.64,11.6,217309.44,36.71,2.39
ADANIGREEN,Adani Green Energy Ltd,67.0,14.7,96.5,449015.01,9.89,6.92
ADANIGREEN,Adani Green Energy Ltd,67.0,14.7,96.5,485373.12,29.07,10.49
ADANIGREEN,Adani Green Energy Ltd,67.0,14.7,96.5,495446.05,37.61,5.59
ADANIGREEN,Adani Green Energy Ltd,67.0,14.7,96.5,510512.78,45.26,6.24
ADANIGREEN,Adani Green Energy Ltd,67.0,14.7,96.5,517543.72,72.14,14.91
ADANIGREEN,Adani Green Energy Ltd,67.0,14.7,96.5,519085.0,17.73,4.85
ADANIPORTS,"Adani Ports & Special Economic Zone Ltd
",265.0,18.1,12.9,611152.14,77.47,0.9
ADANIPORTS,"Adani Ports & Special Economic Zone Ltd
",265.0,18.1,12.9,634603.85,29.48,7.65
ADANIPORTS,"Adani Ports & Special Economic Zone Ltd
",265.0,18.1,12.9,675598.01,48.9,2.31
ADANIPORTS,"Adani Ports & Special Economic Zone Ltd
",265.0,18.1,12.9,697221.18,50.76,1.64
ADANIPORTS,"Adani Ports & Special Economic Zone Ltd
",265.0,18.1,12.9,702836.27,53.52,5.91
ADANIPORTS,"Adani Ports & Special Economic Zone Ltd
",265.0,18.1,12.9,733808.16,15.26,3.96
ADANIPOWER,Adani Power Ltd,145.0,57.1,32.2,986259.76,66.6,14.89
ADANIPOWER,Adani Power Ltd,145.0,57.1,32.2,1042747.57,52.23,2.28
ADANIPOWER,Adani Power Ltd,145.0,57.1,32.2,1074636.56,33.86,8.51
ADANIPOWER,Adani Power Ltd,145.0,57.1,32.2,1117866.08,66.83,5.7
ADANIPOWER,Adani Power Ltd,145.0,57.1,32.2,1188256.85,27.22,4.37
ADANIPOWER,Adani Power Ltd,145.0,57.1,32.2,1372183.55,44.57,9.91
AMBUJACEM,Ambuja Cements Ltd,205.0,9.24,12.8,833955.32,46.35,0.8
AMBUJACEM,Ambuja Cements Ltd,205.0,9.24,12.8,1025434.68,79.32,9.29
AMBUJACEM,Ambuja Cements Ltd,205.0,9.24,12.8,1157298.18,33.86,3.27
AMBUJACEM,Ambuja Cements Ltd,205.0,9.24,12.8,1165353.63,45.48,10.09
AMBUJACEM,Ambuja Cements Ltd,205.0,9.24,12.8,1281411.04,55.62,9.21
AMBUJACEM,Ambuja Cements Ltd,205.0,9.24,12.8,1410892.33,73.29,1.59
APOLLOHOSP,"Apollo Hospitals
Chain of Indian private hospitals",522.0,13.81,17.2,1083786.88,49.76,14.18
APOLLOHOSP,"Apollo Hospitals
Chain of Indian private hospitals",522.0,13.81,17.2,1154138.06,11.18,6.7
APOLLOHOSP,"Apollo Hospitals
Chain of Indian private hospitals",522.0,13.81,17.2,1275343.54,28.39,8.78
APOLLOHOSP,"Apollo Hospitals
Chain of Indian private hospitals",522.0,13.81,17.2,1446203.76,17.38,12.98
APOLLOHOSP,"Apollo Hospitals
Chain of Indian private hospitals",522.0,13.81,17.2,1499729.8,53.27,1.11
APOLLOHOSP,"Apollo Hospitals
Chain of Indian private hospitals",522.0,13.81,17.2,1905622.43,47.72,7.68
ASIANPAINT,"Asian Paints
Indian Multi-National Paint and Coating Manufacturing Company",188.0,31.45,41.75,1065817.17,30.34,5.08
ASIANPAINT,"Asian Paints
Indian Multi-National Paint and Coating Manufacturing Company",188.0,31.45,41.75,1148763.92,13.27,6.46
ASIANPAINT,"Asian Paints
Indian Multi-National Paint and Coating Manufacturing Company",188.0,31.45,41.75,1269304.94,78.48,8.21
ASIANPAINT,"Asian Paints
Indian Multi-National Paint and Coating Manufacturing Company",188.0,31.45,41.75,1711731.0,40.61,0.54
ASIANPAINT,"Asian Paints
Indian Multi-National Paint and Coating Manufacturing Company",188.0,31.45,41.75,2091585.31,49.2,4.65
ASIANPAINT,"Asian Paints
Indian Multi-National Paint and Coating Manufacturing Company",188.0,31.45,41.75,2126725.18,73.37,3.9
ATGL,Adani Total Gas Ltd,36.0,20.5,21.2,1099356.08,22.78,14.0
ATGL,Adani Total Gas Ltd,36.0,20.5,21.2,1148243.4,21.14,0.81
ATGL,Adani Total Gas Ltd,36.0,20.5,21.2,1254318.65,35.59,6.88
ATGL,Adani Total Gas Ltd,36.0,20.5,21.2,1535602.41,56.96,5.76
ATGL,Adani Total Gas Ltd,36.0,20.5,21.2,1548060.05,74.55,14.11
ATGL,Adani Total Gas Ltd,36.0,20.5,21.2,1644865.15,28.01,4.26
AXISBANK,Axis Bank Ltd,509.0,18.4,7.06,609012.03,65.08,0.53
AXISBANK,Axis Bank Ltd,509.0,18.4,7.06,658857.1,32.36,2.69
AXISBANK,Axis Bank Ltd,509.0,18.4,7.06,734196.42,56.88,1.27
AXISBANK,Axis Bank Ltd,509.0,18.4,7.06,766941.69,60.2,4.08
AXISBANK,Axis Bank Ltd,509.0,18.4,7.06,939586.86,38.88,12.76
AXISBANK,Axis Bank Ltd,509.0,18.4,7.06,948868.63,38.14,4.66
BAJAJ-AUTO,Bajaj Auto Ltd,1109.0,26.5,33.5,323040.49,42.63,11.32
BAJAJ-AUTO,Bajaj Auto Ltd,1109.0,26.5,33.5,351288.98,79.31,9.65
BAJAJ-AUTO,Bajaj Auto Ltd,1109.0,26.5,33.5,453226.79,49.41,11.43
BAJAJ-AUTO,Bajaj Auto Ltd,1109.0,26.5,33.5,552671.87,78.58,8.54
BAJAJ-AUTO,Bajaj Auto Ltd,1109.0,26.5,33.5,578373.58,49.72,10.06
BAJAJ-AUTO,Bajaj Auto Ltd,1109.0,26.5,33.5,653817.3,29.91,9.83
BAJAJFINSV,Bajaj Finserv Ltd,428.0,11.72,21.14,1148808.62,43.61,5.19
BAJAJFINSV,Bajaj Finserv Ltd,428.0,11.72,21.14,1182995.84,33.33,3.61
BAJAJFINSV,Bajaj Finserv Ltd,428.0,11.72,21.14,1489062.77,51.06,2.31
BAJAJFINSV,Bajaj Finserv Ltd,428.0,11.72,21.14,1845750.3,76.89,13.57
BAJAJFINSV,Bajaj Finserv Ltd,428.0,11.72,21.14,1877835.72,59.39,12.5
BAJAJFINSV,Bajaj Finserv Ltd,428.0,11.72,21.14,1905112.17,15.07,6.08
BAJAJHLDNG,Bajaj Holdings & Investment Ltd,5375.0,14.8,13.1,1014477.55,76.88,9.04
BAJAJHLDNG,Bajaj Holdings & Investment Ltd,5375.0,14.8,13.1,1365867.86,50.76,2.05
BAJAJHLDNG,Bajaj Holdings & Investment Ltd,5375.0,14.8,13.1,1366103.22,35.88,14.51
BAJAJHLDNG,Bajaj Holdings & Investment Ltd,5375.0,14.8,13.1,1394489.39,79.41,5.56
BAJAJHLDNG,Bajaj Holdings & Investment Ltd,5375.0,14.8,13.1,1714344.05,26.75,3.46
BAJAJHLDNG,Bajaj Holdings & Investment Ltd,5375.0,14.8,13.1,2191568.13,37.73,9.38
BAJFINANCE,Bajaj Finance Ltd,1402.0,22.1,11.9,865823.64,58.62,5.53
BAJFINANCE,Bajaj Finance Ltd,1402.0,22.1,11.9,973552.26,46.9,6.39
BAJFINANCE,Bajaj Finance Ltd,1402.0,22.1,11.9,1106057.88,35.63,6.6
BAJFINANCE,Bajaj Finance Ltd,1402.0,22.1,11.9,1422060.71,54.84,11.71
BAJFINANCE,Bajaj Finance Ltd,1402.0,22.1,11.9,1896088.83,19.1,4.67
BAJFINANCE,Bajaj Finance Ltd,1402.0,22.1,11.9,2473271.58,69.2,4.11
BANKBARODA,Bank of Baroda,231.0,16.7,6.33,426745.64,67.24,12.42
BANKBARODA,Bank of Baroda,231.0,16.7,6.33,427508.41,36.0,9.78
BANKBARODA,Bank of Baroda,231.0,16.7,6.33,464725.74,27.29,5.48
BANKBARODA,Bank of Baroda,231.0,16.7,6.33,471014.36,71.63,11.42
BANKBARODA,Bank of Baroda,231.0,16.7,6.33,473985.89,74.28,5.71
BANKBARODA,Bank of Baroda,231.0,16.7,6.33,590971.02,16.89,4.15
BEL,Bharat Electronics Ltd,24.0,26.3,34.6,770752.45,73.48,7.9
BEL,Bharat Electronics Ltd,24.0,26.3,34.6,901058.99,52.67,6.64
BEL,Bharat Electronics Ltd,24.0,26.3,34.6,902791.12,59.94,4.28
BEL,Bharat Electronics Ltd,24.0,26.3,34.6,1055965.69,18.0,12.66
BEL,Bharat Electronics Ltd,24.0,26.3,34.6,1143459.9,72.89,7.89
BEL,Bharat Electronics Ltd,24.0,26.3,34.6,1354781.06,17.89,9.22
BHARTIARTL,Bharti Airtel Ltd,153.0,14.9,13.1,196241.62,79.6,5.46
BHARTIARTL,Bharti Airtel Ltd,153.0,14.9,13.1,224578.88,70.91,12.2
BHARTIARTL,Bharti Airtel Ltd,153.0,14.9,13.1,232971.76,15.3,7.28
BHARTIARTL,Bharti Airtel Ltd,153.0,14.9,13.1,276579.83,57.38,9.43
BHARTIARTL,Bharti Airtel Ltd,153.0,14.9,13.1,288871.93,66.89,3.6
BHARTIARTL,Bharti Airtel Ltd,153.0,14.9,13.1,378605.83,63.78,6.28
BHEL,"Bharat Heavy Electricals Limited
",70.0,1.05,3.28,350456.18,40.83,10.29
BHEL,"Bharat Heavy Electricals Limited
",70.0,1.05,3.28,367749.87,43.86,9.43
BHEL,"Bharat Heavy Electricals Limited
",70.0,1.05,3.28,414401.34,59.14,11.39
BHEL,"Bharat Heavy Electricals Limited
",70.0,1.05,3.28,452493.05,23.85,9.42
BHEL,"Bharat Heavy Electricals Limited
",70.0,1.05,3.28,499389.38,31.13,9.5
BHEL,"Bharat Heavy Electricals Limited
",70.0,1.05,3.28,540053.85,29.8,11.43
BOSCHLTD,Bosch Ltd,4319.0,16.0,20.6,1332371.44,31.28,12.85
BOSCHLTD,Bosch Ltd,4319.0,16.0,20.6,1557190.4,56.11,11.21
BOSCHLTD,Bosch Ltd,4319.0,16.0,20.6,1765282.83,37.83,3.62
BOSCHLTD,Bosch Ltd,4319.0,16.0,20.6,1812529.57,21.27,6.04
BOSCHLTD,Bosch Ltd,4319.0,16.0,20.6,2334820.89,28.16,4.01
BOSCHLTD,Bosch Ltd,4319.0,16.0,20.6,2599556.05,58.43,6.47
BPCL,Bharat Petroleum Corporation Ltd,178.0,41.9,32.1,417435.04,25.37,3.65
BPCL,Bharat Petroleum Corporation Ltd,178.0,41.9,32.1,468662.13,68.15,0.72
BPCL,Bharat Petroleum Corporation Ltd,178.0,41.9,32.1,484980.46,35.8,5.24
BPCL,Bharat Petroleum Corporation Ltd,178.0,41.9,32.1,514923.42,40.91,7.86
BPCL,Bharat Petroleum Corporation Ltd,178.0,41.9,32.1,522915.18,12.13,1.78
BPCL,Bharat Petroleum Corporation Ltd,178.0,41.9,32.1,547313.57,24.26,4.29
BRITANNIA,Britannia Industries Ltd,133.0,57.1,48.9,193703.11,39.95,9.67
BRITANNIA,Britannia Industries Ltd,133.0,57.1,48.9,240748.04,33.6,0.62
BRITANNIA,Britannia Industries Ltd,133.0,57.1,48.9,253493.14,18.2,4.8
BRITANNIA,Britannia Industries Ltd,133.0,57.1,48.9,285063.86,25.49,4.57
BRITANNIA,Britannia Industries Ltd,133.0,57.1,48.9,316483.82,73.25,8.4
BRITANNIA,Britannia Industries Ltd,133.0,57.1,48.9,324745.74,63.91,4.26
CANBK,Canara Bank,102.0,17.9,6.63,274311.19,24.47,4.6
CANBK,Canara Bank,102.0,17.9,6.63,289660.96,74.19,6.84
CANBK,Canara Bank,102.0,17.9,6.63,308875.53,31.3,11.96
CANBK,Canara Bank,102.0,17.9,6.63,312713.63,32.75,11.66
CANBK,Canara Bank,102.0,17.9,6.63,384057.8,55.56,0.63
CANBK,Canara Bank,102.0,17.9,6.63,496415.88,36.74,12.61
CHOLAFIN,Cholamandalam Investment & Finance Company Ltd,255.0,20.2,10.4,945798.69,38.56,12.71
CHOLAFIN,Cholamandalam Investment & Finance Company Ltd,255.0,20.2,10.4,971931.96,16.79,10.36
CHOLAFIN,Cholamandalam Investment & Finance Company Ltd,255.0,20.2,10.4,1050124.13,53.32,1.23
CHOLAFIN,Cholamandalam Investment & Finance Company Ltd,255.0,20.2,10.4,1228519.04,23.52,9.62
CHOLAFIN,Cholamandalam Investment & Finance Company Ltd,255.0,20.2,10.4,1426964.45,33.3,12.24
CHOLAFIN,Cholamandalam Investment & Finance Company Ltd,255.0,20.2,10.4,1617575.24,18.46,1.7
CIPLA,"Cipla Ltd
",351.0,16.8,22.8,282375.35,41.07,14.49
CIPLA,"Cipla Ltd
",351.0,16.8,22.8,288521.14,76.56,11.34
CIPLA,"Cipla Ltd
",351.0,16.8,22.8,316481.63,26.77,7.27
CIPLA,"Cipla Ltd
",351.0,16.8,22.8,338880.07,37.3,10.46
CIPLA,"Cipla Ltd
",351.0,16.8,22.8,353498.49,61.2,2.74
CIPLA,"Cipla Ltd
",351.0,16.8,22.8,439803.15,59.75,5.93
COALINDIA,Coal India Ltd,156.0,52.0,63.6,187263.0,76.5,6.82
COALINDIA,Coal India Ltd,156.0,52.0,63.6,231042.15,23.41,11.71
COALINDIA,Coal India Ltd,156.0,52.0,63.6,269353.58,77.94,9.67
COALINDIA,Coal India Ltd,156.0,52.0,63.6,359749.33,10.93,0.98
COALINDIA,Coal India Ltd,156.0,52.0,63.6,397912.96,32.17,9.72
COALINDIA,Coal India Ltd,156.0,52.0,63.6,454024.84,34.27,14.75
DABUR,Dabur India Ltd,59.0,19.2,22.3,48060.25,78.3,2.21
DABUR,Dabur India Ltd,59.0,19.2,22.3,48665.96,12.36,12.35
DABUR,Dabur India Ltd,59.0,19.2,22.3,55182.65,11.83,8.9
DABUR,Dabur India Ltd,59.0,19.2,22.3,56521.84,50.95,13.59
DABUR,Dabur India Ltd,59.0,19.2,22.3,60945.67,31.16,8.64
DABUR,Dabur India Ltd,59.0,19.2,22.3,61939.24,74.55,11.51
DIVISLAB,Divis Laboratories Ltd,517.0,12.2,16.5,1011018.76,74.55,13.82
DIVISLAB,Divis Laboratories Ltd,517.0,12.2,16.5,1300303.75,30.35,3.22
DIVISLAB,Divis Laboratories Ltd,517.0,12.2,16.5,1318782.9,15.26,3.01
DIVISLAB,Divis Laboratories Ltd,517.0,12.2,16.5,1391349.3,56.9,1.69
DIVISLAB,Divis Laboratories Ltd,517.0,12.2,16.5,1595539.83,9.75,6.26
DIVISLAB,Divis Laboratories Ltd,517.0,12.2,16.5,1615028.67,69.95,12.34
DLF,DLF Ltd,163.0,6.95,5.74,1146903.51,73.08,13.89
DLF,DLF Ltd,163.0,6.95,5.74,1162826.35,11.24,14.12
DLF,DLF Ltd,163.0,6.95,5.74,1276452.77,65.17,7.73
DLF,DLF Ltd,163.0,6.95,5.74,1348234.63,16.81,4.75
DLF,DLF Ltd,163.0,6.95,5.74,1381712.03,46.26,14.32
DLF,DLF Ltd,163.0,6.95,5.74,1520086.36,38.16,10.93
DMART,Avenue Supermarts Ltd,309.0,14.5,19.4,1847236.39,67.17,4.98
DMART,Avenue Supermarts Ltd,309.0,14.5,19.4,2028073.83,37.82,5.35
DMART,Avenue Supermarts Ltd,309.0,14.5,19.4,2294356.77,14.9,12.05
DMART,Avenue Supermarts Ltd,309.0,14.5,19.4,2664977.29,12.31,5.66
DMART,Avenue Supermarts Ltd,309.0,14.5,19.4,2748638.95,53.49,13.37
DMART,Avenue Supermarts Ltd,309.0,14.5,19.4,3053088.97,72.53,11.71
DRREDDY,Dr Reddys Laboratories Ltd,369.0,21.4,26.5,1574961.99,10.84,10.04
DRREDDY,Dr Reddys Laboratories Ltd,369.0,21.4,26.5,1617326.41,15.23,4.3
DRREDDY,Dr Reddys Laboratories Ltd,369.0,21.4,26.5,1837884.76,13.03,7.54
DRREDDY,Dr Reddys Laboratories Ltd,369.0,21.4,26.5,1859862.32,28.73,6.38
DRREDDY,Dr Reddys Laboratories Ltd,369.0,21.4,26.5,2212619.5,11.34,10.95
DRREDDY,Dr Reddys Laboratories Ltd,369.0,21.4,26.5,2441803.28,11.73,10.19
EICHERMOT,Eicher Motors Ltd,693.0,24.2,31.1,138608.74,70.5,14.42
EICHERMOT,Eicher Motors Ltd,693.0,24.2,31.1,179834.03,18.91,9.77
EICHERMOT,Eicher Motors Ltd,693.0,24.2,31.1,213781.42,70.14,9.33
EICHERMOT,Eicher Motors Ltd,693.0,24.2,31.1,222391.83,15.62,13.61
EICHERMOT,Eicher Motors Ltd,693.0,24.2,31.1,229241.72,24.82,5.49
EICHERMOT,Eicher Motors Ltd,693.0,24.2,31.1,231181.84,17.97,6.97
GAIL,GAIL (India) Ltd,127.0,14.0,14.7,665248.74,13.48,0.96
GAIL,GAIL (India) Ltd,127.0,14.0,14.7,712986.95,25.86,4.98
GAIL,GAIL (India) Ltd,127.0,14.0,14.7,901096.13,36.68,2.92
GAIL,GAIL (India) Ltd,127.0,14.0,14.7,1135214.39,30.66,11.93
GAIL,GAIL (India) Ltd,127.0,14.0,14.7,1209368.79,66.94,6.52
GAIL,GAIL (India) Ltd,127.0,14.0,14.7,1531867.57,25.84,9.54
GODREJCP,Godrej Consumer Products Ltd,119.0,6.77,26.49,807328.65,26.5,4.95
GODREJCP,Godrej Consumer Products Ltd,119.0,6.77,26.49,973100.39,55.52,0.6
GODREJCP,Godrej Consumer Products Ltd,119.0,6.77,26.49,1112834.15,54.25,5.01
GODREJCP,Godrej Consumer Products Ltd,119.0,6.77,26.49,1140203.87,19.23,4.8
GODREJCP,Godrej Consumer Products Ltd,119.0,6.77,26.49,1201313.68,40.79,13.41
GODREJCP,Godrej Consumer Products Ltd,119.0,6.77,26.49,1327797.2,33.59,8.07
GRASIM,Grasim Industries Ltd,1411.0,6.9,9.3,337446.27,15.68,3.37
GRASIM,Grasim Industries Ltd,1411.0,6.9,9.3,362884.74,23.28,10.84
GRASIM,Grasim Industries Ltd,1411.0,6.9,9.3,401734.34,56.71,7.49
GRASIM,Grasim Industries Ltd,1411.0,6.9,9.3,424758.5,38.27,13.08
GRASIM,Grasim Industries Ltd,1411.0,6.9,9.3,478951.82,79.35,5.68
GRASIM,Grasim Industries Ltd,1411.0,6.9,9.3,513646.94,64.84,6.73
HAL,Hindustan Aeronautics Ltd,465.0,28.9,38.9,1180468.36,56.05,13.51
HAL,Hindustan Aeronautics Ltd,465.0,28.9,38.9,1369023.45,68.18,9.05
HAL,Hindustan Aeronautics Ltd,465.0,28.9,38.9,1722334.17,51.22,8.86
HAL,Hindustan Aeronautics Ltd,465.0,28.9,38.9,1800174.45,8.56,2.01
HAL,Hindustan Aeronautics Ltd,465.0,28.9,38.9,2122373.86,11.8,2.43
HAL,Hindustan Aeronautics Ltd,465.0,28.9,38.9,2643616.86,71.89,3.65
HAVELLS,Havells India Ltd,124.0,18.0,24.4,1408366.0,65.28,10.66
HAVELLS,Havells India Ltd,124.0,18.0,24.4,1749780.42,10.08,13.71
HAVELLS,Havells India Ltd,124.0,18.0,24.4,2169908.17,28.52,9.54
HAVELLS,Havells India Ltd,124.0,18.0,24.4,2198343.31,79.91,10.23
HAVELLS,Havells India Ltd,124.0,18.0,24.4,2521508.87,45.41,14.08
HAVELLS,Havells India Ltd,124.0,18.0,24.4,2526633.19,66.78,4.68
HCLTECH,HCL Technologies Ltd,254.0,23.3,29.6,229691.1,60.47,11.39
HCLTECH,HCL Technologies Ltd,254.0,23.3,29.6,239391.06,47.27,5.14
HCLTECH,HCL Technologies Ltd,254.0,23.3,29.6,260125.17,77.74,7.77
HCLTECH,HCL Technologies Ltd,254.0,23.3,29.6,319536.64,69.21,12.53
HCLTECH,HCL Technologies Ltd,254.0,23.3,29.6,385586.15,9.19,2.28
HCLTECH,HCL Technologies Ltd,254.0,23.3,29.6,412593.29,63.63,5.44
HDFCBANK,HDFC Bank Ltd,601.0,17.1,7.67,534671.83,30.19,9.55
HDFCBANK,HDFC Bank Ltd,601.0,17.1,7.67,573615.98,11.64,8.0
HDFCBANK,HDFC Bank Ltd,601.0,17.1,7.67,578281.57,63.58,0.79
HDFCBANK,HDFC Bank Ltd,601.0,17.1,7.67,759039.45,8.14,1.61
HDFCBANK,HDFC Bank Ltd,601.0,17.1,7.67,808359.03,49.42,4.4
HDFCBANK,HDFC Bank Ltd,601.0,17.1,7.67,865594.78,33.49,4.99
HDFCLIFE,HDFC Life Insurance Company Ltd,73.0,11.4,6.61,33360.23,61.1,11.85
HDFCLIFE,HDFC Life Insurance Company Ltd,73.0,11.4,6.61,33844.59,53.97,3.58
HDFCLIFE,HDFC Life Insurance Company Ltd,73.0,11.4,6.61,35346.36,39.9,12.2
HDFCLIFE,HDFC Life Insurance Company Ltd,73.0,11.4,6.61,39084.76,41.01,14.89
HDFCLIFE,HDFC Life Insurance Company Ltd,73.0,11.4,6.61,43616.06,67.68,5.98
HDFCLIFE,HDFC Life Insurance Company Ltd,73.0,11.4,6.61,47027.6,50.59,11.28
HEROMOTOCO,"Hero MotoCorp Ltd
",951.0,22.0,29.1,959580.91,64.37,1.86
HEROMOTOCO,"Hero MotoCorp Ltd
",951.0,22.0,29.1,1157395.82,75.71,11.62
HEROMOTOCO,"Hero MotoCorp Ltd
",951.0,22.0,29.1,1220486.89,66.93,12.26
HEROMOTOCO,"Hero MotoCorp Ltd
",951.0,22.0,29.1,1262310.05,56.18,12.27
HEROMOTOCO,"Hero MotoCorp Ltd
",951.0,22.0,29.1,1542037.68,11.61,7.5
HEROMOTOCO,"Hero MotoCorp Ltd
",951.0,22.0,29.1,1593400.88,53.86,12.6
HINDALCO,Hindalco Industries Ltd,153.0,10.2,11.3,247258.14,24.15,12.33
HINDALCO,Hindalco Industries Ltd,153.0,10.2,11.3,287414.16,9.47,3.28
HINDALCO,Hindalco Industries Ltd,153.0,10.2,11.3,371315.5,45.59,7.92
HINDALCO,Hindalco Industries Ltd,153.0,10.2,11.3,477796.57,58.41,9.72
HINDALCO,Hindalco Industries Ltd,153.0,10.2,11.3,537689.01,71.42,2.69
HINDALCO,Hindalco Industries Ltd,153.0,10.2,11.3,722281.1,56.45,9.32
HINDUNILVR,"Hindustan Unilever Ltd
",216.0,20.2,27.2,333086.26,14.47,14.18
HINDUNILVR,"Hindustan Unilever Ltd
",216.0,20.2,27.2,365239.67,22.92,6.47
HINDUNILVR,"Hindustan Unilever Ltd
",216.0,20.2,27.2,366409.11,13.37,1.78
HINDUNILVR,"Hindustan Unilever Ltd
",216.0,20.2,27.2,435060.89,20.69,4.16
HINDUNILVR,"Hindustan Unilever Ltd
",216.0,20.2,27.2,495019.01,35.52,4.07
HINDUNILVR,"Hindustan Unilever Ltd
",216.0,20.2,27.2,548890.59,34.51,11.88
ICICIBANK,ICICI Bank Ltd,365.0,18.8,7.6,634101.51,75.38,9.81
ICICIBANK,ICICI Bank Ltd,365.0,18.8,7.6,645375.01,19.43,8.09
ICICIBANK,ICICI Bank Ltd,365.0,18.8,7.6,851486.14,12.77,9.84
ICICIBANK,ICICI Bank Ltd,365.0,18.8,7.6,1050380.96,78.39,13.83
ICICIBANK,ICICI Bank Ltd,365.0,18.8,7.6,1184576.28,78.87,1.36
ICICIBANK,ICICI Bank Ltd,365.0,18.8,7.6,1319221.86,25.76,6.2
ICICIGI,ICICI Lombard General Insurance Company Ltd,275.0,17.0,22.5,742801.33,47.5,3.75
ICICIGI,ICICI Lombard General Insurance Company Ltd,275.0,17.0,22.5,816329.22,55.8,11.08
ICICIGI,ICICI Lombard General Insurance Company Ltd,275.0,17.0,22.5,827632.41,63.73,12.4
ICICIGI,ICICI Lombard General Insurance Company Ltd,275.0,17.0,22.5,939135.7,66.71,8.08
ICICIGI,ICICI Lombard General Insurance Company Ltd,275.0,17.0,22.5,1242023.75,15.87,12.74
ICICIGI,ICICI Lombard General Insurance Company Ltd,275.0,17.0,22.5,1271789.21,49.0,7.86
ICICIPRULI,ICICI Prudential Life Insurance Company Ltd,80.0,8.07,8.75,1596987.55,20.83,12.38
ICICIPRULI,ICICI Prudential Life Insurance Company Ltd,80.0,8.07,8.75,1603509.84,52.59,3.98
ICICIPRULI,ICICI Prudential Life Insurance Company Ltd,80.0,8.07,8.75,1606002.47,76.8,0.56
ICICIPRULI,ICICI Prudential Life Insurance Company Ltd,80.0,8.07,8.75,1702653.91,71.57,4.53
ICICIPRULI,ICICI Prudential Life Insurance Company Ltd,80.0,8.07,8.75,1848771.31,34.52,5.19
ICICIPRULI,ICICI Prudential Life Insurance Company Ltd,80.0,8.07,8.75,1976358.03,36.03,3.99
INDIGO,Interglobe Aviation Ltd,97.0,,24.5,997429.81,55.98,3.2
INDIGO,Interglobe Aviation Ltd,97.0,,24.5,1034978.53,19.25,10.95
INDIGO,Interglobe Aviation Ltd,97.0,,24.5,1040632.92,76.23,7.87
INDIGO,Interglobe Aviation Ltd,97.0,,24.5,1055244.71,51.42,10.87
INDIGO,Interglobe Aviation Ltd,97.0,,24.5,1232702.22,41.91,14.04
INDIGO,Interglobe Aviation Ltd,97.0,,24.5,1427895.35,60.24,6.95
INDUSINDBK,IndusInd Bank Ltd,807.0,15.2,7.93,1287117.57,60.27,1.94
INDUSINDBK,IndusInd Bank Ltd,807.0,15.2,7.93,1305732.17,68.96,5.36
INDUSINDBK,IndusInd Bank Ltd,807.0,15.2,7.93,1682555.96,49.44,2.2
INDUSINDBK,IndusInd Bank Ltd,807.0,15.2,7.93,1807433.12,8.99,3.7
INDUSINDBK,IndusInd Bank Ltd,807.0,15.2,7.93,1839916.06,71.98,0.61
INDUSINDBK,IndusInd Bank Ltd,807.0,15.2,7.93,2045876.29,51.73,8.29
INFY,Infosys Ltd,218.0,31.8,40.0,468232.33,26.14,13.59
INFY,Infosys Ltd,218.0,31.8,40.0,473902.69,32.63,10.31
INFY,Infosys Ltd,218.0,31.8,40.0,624026.61,31.65,1.88
INFY,Infosys Ltd,218.0,31.8,40.0,800850.39,36.33,9.93
INFY,Infosys Ltd,218.0,31.8,40.0,871427.0,71.12,11.97
INFY,Infosys Ltd,218.0,31.8,40.0,1112279.92,35.99,8.97
IOC,"Indian Oil Corporation
",129.0,25.44,21.31,1122574.59,15.28,13.46
IOC,"Indian Oil Corporation
",129.0,25.44,21.31,1296710.19,47.71,1.36
IOC,"Indian Oil Corporation
",129.0,25.44,21.31,1309862.08,50.51,10.81
IOC,"Indian Oil Corporation
",129.0,25.44,21.31,1418164.33,28.61,4.24
IOC,"Indian Oil Corporation
",129.0,25.44,21.31,1605938.54,79.84,7.17
IOC,"Indian Oil Corporation
",129.0,25.44,21.31,1666992.08,77.78,0.97
IRCTC,Indian Railway Catering & Tourism Corporation Ltd,44.0,40.4,53.8,1081327.44,36.42,8.58
IRCTC,Indian Railway Catering & Tourism Corporation Ltd,44.0,40.4,53.8,1100112.67,54.75,10.26
IRCTC,Indian Railway Catering & Tourism Corporation Ltd,44.0,40.4,53.8,1245806.34,64.3,1.79
IRCTC,Indian Railway Catering & Tourism Corporation Ltd,44.0,40.4,53.8,1258520.29,60.44,5.74
IRCTC,Indian Railway Catering & Tourism Corporation Ltd,44.0,40.4,53.8,1322589.51,12.08,2.09
IRCTC,Indian Railway Catering & Tourism Corporation Ltd,44.0,40.4,53.8,1359334.39,22.05,11.74
IRFC,Indian Railway Finance Corporation Ltd,39.0,13.7,5.73,1180569.92,37.81,13.6
IRFC,Indian Railway Finance Corporation Ltd,39.0,13.7,5.73,1262848.07,24.73,1.86
IRFC,Indian Railway Finance Corporation Ltd,39.0,13.7,5.73,1481705.69,74.92,11.42
IRFC,Indian Railway Finance Corporation Ltd,39.0,13.7,5.73,1637618.34,35.23,1.11
IRFC,Indian Railway Finance Corporation Ltd,39.0,13.7,5.73,2059203.5,52.73,4.09
IRFC,Indian Railway Finance Corporation Ltd,39.0,13.7,5.73,2618348.58,9.81,3.91
ITC,"ITC Ltd
",60.0,29.47,34.76,215793.67,69.58,1.15
ITC,"ITC Ltd
",60.0,29.47,34.76,281943.95,72.45,1.41
ITC,"ITC Ltd
",60.0,29.47,34.76,332245.58,47.85,3.24
ITC,"ITC Ltd
",60.0,29.47,34.76,366869.92,73.65,6.34
ITC,"ITC Ltd
",60.0,29.47,34.76,376827.06,55.53,3.36
ITC,"ITC Ltd
",60.0,29.47,34.76,390285.11,33.63,11.99
JINDALSTEL,Jindal Steel & Power Ltd,464.0,14.1,13.2,349306.1,47.36,3.25
JINDALSTEL,Jindal Steel & Power Ltd,464.0,14.1,13.2,375828.8,35.51,9.13
JINDALSTEL,Jindal Steel & Power Ltd,464.0,14.1,13.2,396587.97,77.64,5.73
JINDALSTEL,Jindal Steel & Power Ltd,464.0,14.1,13.2,399948.98,29.77,10.36
JINDALSTEL,Jindal Steel & Power Ltd,464.0,14.1,13.2,417203.18,39.16,8.97
JINDALSTEL,Jindal Steel & Power Ltd,464.0,14.1,13.2,421683.82,73.96,8.84
JIOFIN,Jio Financial Services Ltd,216.0,1.82,2.16,538148.59,12.61,12.66
JIOFIN,Jio Financial Services Ltd,216.0,1.82,2.16,558776.67,13.6,5.5
JIOFIN,Jio Financial Services Ltd,216.0,1.82,2.16,727695.83,74.86,14.75
JIOFIN,Jio Financial Services Ltd,216.0,1.82,2.16,922325.59,70.04,9.08
JIOFIN,Jio Financial Services Ltd,216.0,1.82,2.16,1137314.0,65.98,7.88
JIOFIN,Jio Financial Services Ltd,216.0,1.82,2.16,1401774.99,34.24,9.91
JSWENERGY,JSW Energy Ltd,160.0,8.4,8.59,62025.39,38.52,14.43
JSWENERGY,JSW Energy Ltd,160.0,8.4,8.59,66726.89,71.29,3.09
JSWENERGY,JSW Energy Ltd,160.0,8.4,8.59,74355.45,36.57,13.65
JSWENERGY,JSW Energy Ltd,160.0,8.4,8.59,87619.18,33.5,2.05
JSWENERGY,JSW Energy Ltd,160.0,8.4,8.59,95613.82,42.08,0.76
JSWENERGY,JSW Energy Ltd,160.0,8.4,8.59,110870.53,24.79,9.88
JSWSTEEL,JSW Steel Ltd,326.0,11.66,13.36,1475187.02,35.01,7.86
JSWSTEEL,JSW Steel Ltd,326.0,11.66,13.36,1978764.31,34.84,1.91
JSWSTEEL,JSW Steel Ltd,326.0,11.66,13.36,2101814.77,8.68,9.24
JSWSTEEL,JSW Steel Ltd,326.0,11.66,13.36,2171392.42,60.28,3.42
JSWSTEEL,JSW Steel Ltd,326.0,11.66,13.36,2278384.96,36.76,12.62
JSWSTEEL,JSW Steel Ltd,326.0,11.66,13.36,2612646.38,69.27,4.37
KOTAKBANK,"Kotak Mahindra Bank Ltd
",654.0,15.1,7.86,430223.52,32.9,1.15
KOTAKBANK,"Kotak Mahindra Bank Ltd
",654.0,15.1,7.86,455106.0,73.13,3.75
KOTAKBANK,"Kotak Mahindra Bank Ltd
",654.0,15.1,7.86,467372.62,75.47,6.71
KOTAKBANK,"Kotak Mahindra Bank Ltd
",654.0,15.1,7.86,488474.8,37.51,5.14
KOTAKBANK,"Kotak Mahindra Bank Ltd
",654.0,15.1,7.86,554552.04,43.71,3.59
KOTAKBANK,"Kotak Mahindra Bank Ltd
",654.0,15.1,7.86,588705.26,49.36,12.73
LICI,Life Insurance Corporation of India,154.0,63.61,63.79,166637.32,53.3,0.6
LICI,Life Insurance Corporation of India,154.0,63.61,63.79,171741.93,13.18,2.48
LICI,Life Insurance Corporation of India,154.0,63.61,63.79,183583.67,30.67,8.1
LICI,Life Insurance Corporation of India,154.0,63.61,63.79,183625.08,38.3,8.3
LICI,Life Insurance Corporation of India,154.0,63.61,63.79,196576.3,20.36,2.12
LICI,Life Insurance Corporation of India,154.0,63.61,63.79,204112.31,76.58,7.85
LODHA,Macrotech Developers Ltd,183.0,10.7,11.1,1199352.96,52.31,12.05
LODHA,Macrotech Developers Ltd,183.0,10.7,11.1,1209919.99,51.95,7.65
LODHA,Macrotech Developers Ltd,183.0,10.7,11.1,1322559.29,13.49,1.97
LODHA,Macrotech Developers Ltd,183.0,10.7,11.1,1462369.84,58.75,11.25
LODHA,Macrotech Developers Ltd,183.0,10.7,11.1,1516344.89,70.86,14.94
LODHA,Macrotech Developers Ltd,183.0,10.7,11.1,1550822.64,47.06,13.02
LT,Larsen & Toubro Ltd,635.0,10.49,17.18,606183.52,18.62,6.6
LT,Larsen & Toubro Ltd,635.0,10.49,17.18,685872.93,60.92,9.78
LT,Larsen & Toubro Ltd,635.0,10.49,17.18,690472.41,13.01,9.07
LT,Larsen & Toubro Ltd,635.0,10.49,17.18,864042.71,18.77,11.91
LT,Larsen & Toubro Ltd,635.0,10.49,17.18,937726.82,29.41,13.63
LT,Larsen & Toubro Ltd,635.0,10.49,17.18,1124597.5,30.8,2.48
LTIM,LTIMindtree Ltd,711.0,26.04,34.1,1066603.12,71.7,1.11
LTIM,LTIMindtree Ltd,711.0,26.04,34.1,1202160.21,45.11,12.85
LTIM,LTIMindtree Ltd,711.0,26.04,34.1,1325609.47,61.37,3.82
LTIM,LTIMindtree Ltd,711.0,26.04,34.1,1325692.27,30.49,14.47
LTIM,LTIMindtree Ltd,711.0,26.04,34.1,1328108.48,60.16,10.57
LTIM,LTIMindtree Ltd,711.0,26.04,34.1,1347046.9,64.52,2.38
M&M,"Mahindra & Mahindra Ltd
",567.0,17.99,26.98,1707695.34,76.49,7.02
M&M,"Mahindra & Mahindra Ltd
",567.0,17.99,26.98,2271322.15,65.84,6.63
M&M,"Mahindra & Mahindra Ltd
",567.0,17.99,26.98,3046586.67,8.87,14.35
M&M,"Mahindra & Mahindra Ltd
",567.0,17.99,26.98,3314570.19,34.84,13.53
M&M,"Mahindra & Mahindra Ltd
",567.0,17.99,26.98,3425061.3,52.32,14.96
M&M,"Mahindra & Mahindra Ltd
",567.0,17.99,26.98,4173085.48,14.22,0.81
MARUTI,Maruti Suzuki India Ltd,2835.0,15.75,23.67,1153447.24,42.37,6.22
MARUTI,Maruti Suzuki India Ltd,2835.0,15.75,23.67,1349572.01,11.64,1.03
MARUTI,Maruti Suzuki India Ltd,2835.0,15.75,23.67,1390095.96,36.35,2.5
MARUTI,Maruti Suzuki India Ltd,2835.0,15.75,23.67,1445154.02,65.97,4.77
MARUTI,Maruti Suzuki India Ltd,2835.0,15.75,23.67,1503863.63,20.78,8.26
MARUTI,Maruti Suzuki India Ltd,2835.0,15.75,23.67,1507366.44,14.7,14.19
MOTHERSON,Samvardhana Motherson International Ltd,46.0,11.8,13.7,62318.66,45.66,12.32
MOTHERSON,Samvardhana Motherson International Ltd,46.0,11.8,13.7,81298.87,30.92,9.22
MOTHERSON,Samvardhana Motherson International Ltd,46.0,11.8,13.7,102529.39,32.08,10.45
MOTHERSON,Samvardhana Motherson International Ltd,46.0,11.8,13.7,125781.85,26.19,14.98
MOTHERSON,Samvardhana Motherson International Ltd,46.0,11.8,13.7,136555.49,76.33,10.98
MOTHERSON,Samvardhana Motherson International Ltd,46.0,11.8,13.7,146151.16,9.54,2.38
NAUKRI,Info Edge (India) Ltd,3225.0,2.44,3.65,241741.48,24.1,14.39
NAUKRI,Info Edge (India) Ltd,3225.0,2.44,3.65,322764.36,26.32,6.43
NAUKRI,Info Edge (India) Ltd,3225.0,2.44,3.65,365918.61,36.89,9.77
NAUKRI,Info Edge (India) Ltd,3225.0,2.44,3.65,460029.78,41.41,8.91
NAUKRI,Info Edge (India) Ltd,3225.0,2.44,3.65,560212.42,55.05,12.48
NAUKRI,Info Edge (India) Ltd,3225.0,2.44,3.65,563824.44,32.88,8.33
NESTLEIND,Nestle India Ltd,41.0,135.61,185.43,1106130.85,79.55,5.8
NESTLEIND,Nestle India Ltd,41.0,135.61,185.43,1166468.62,64.83,4.06
NESTLEIND,Nestle India Ltd,41.0,135.61,185.43,1425221.19,20.87,13.55
NESTLEIND,Nestle India Ltd,41.0,135.61,185.43,1676726.13,46.21,9.96
NESTLEIND,Nestle India Ltd,41.0,135.61,185.43,1677775.19,54.96,14.34
NESTLEIND,Nestle India Ltd,41.0,135.61,185.43,1811624.04,11.53,1.76
NHPC,"NHPC Ltd
",40.0,9.61,7.67,1011493.79,78.1,6.89
NHPC,"NHPC Ltd
",40.0,9.61,7.67,1127857.12,60.03,9.48
NHPC,"NHPC Ltd
",40.0,9.61,7.67,1493411.59,50.32,13.06
NHPC,"NHPC Ltd
",40.0,9.61,7.67,1730799.02,48.09,10.79
NHPC,"NHPC Ltd
",40.0,9.61,7.67,1740404.25,71.17,13.74
NHPC,"NHPC Ltd
",40.0,9.61,7.67,1937747.16,59.63,14.49
NTPC,NTPC Ltd,174.0,12.52,10.58,549989.15,22.83,7.06
NTPC,NTPC Ltd,174.0,12.52,10.58,636264.32,33.8,0.79
NTPC,NTPC Ltd,174.0,12.52,10.58,733611.88,54.44,0.57
NTPC,NTPC Ltd,174.0,12.52,10.58,739976.68,54.58,13.83
NTPC,NTPC Ltd,174.0,12.52,10.58,907823.11,30.8,5.24
NTPC,NTPC Ltd,174.0,12.52,10.58,953935.75,79.29,12.24
ONGC,Oil & Natural Gas Corpn Ltd,275.0,14.32,19.71,312963.15,54.62,10.21
ONGC,Oil & Natural Gas Corpn Ltd,275.0,14.32,19.71,316247.83,16.47,6.68
ONGC,Oil & Natural Gas Corpn Ltd,275.0,14.32,19.71,347727.36,53.8,7.0
ONGC,Oil & Natural Gas Corpn Ltd,275.0,14.32,19.71,374517.84,43.8,0.83
ONGC,Oil & Natural Gas Corpn Ltd,275.0,14.32,19.71,390111.05,18.15,10.36
ONGC,Oil & Natural Gas Corpn Ltd,275.0,14.32,19.71,406613.69,44.82,14.33
PFC,Power Finance Corporation Ltd,333.0,19.49,9.96,1215368.18,37.83,3.81
PFC,Power Finance Corporation Ltd,333.0,19.49,9.96,1504604.05,15.39,8.05
PFC,Power Finance Corporation Ltd,333.0,19.49,9.96,1544887.02,36.3,4.82
PFC,Power Finance Corporation Ltd,333.0,19.49,9.96,1625821.23,32.45,5.31
PFC,Power Finance Corporation Ltd,333.0,19.49,9.96,1682458.73,71.66,1.56
PFC,Power Finance Corporation Ltd,333.0,19.49,9.96,2011885.81,35.6,6.59
PIDILITIND,Pidilite Industries Ltd,171.0,22.8,29.7,162274.18,36.12,12.3
PIDILITIND,Pidilite Industries Ltd,171.0,22.8,29.7,162985.56,38.11,2.48
PIDILITIND,Pidilite Industries Ltd,171.0,22.8,29.7,174189.7,35.42,3.26
PIDILITIND,Pidilite Industries Ltd,171.0,22.8,29.7,175760.23,17.69,11.27
PIDILITIND,Pidilite Industries Ltd,171.0,22.8,29.7,187037.75,78.98,3.06
PIDILITIND,Pidilite Industries Ltd,171.0,22.8,29.7,193847.18,68.76,12.53
PNB,Punjab National Bank,110.0,8.7,1.63,1116326.04,70.8,13.8
PNB,Punjab National Bank,110.0,8.7,1.63,1458207.93,19.1,9.35
PNB,Punjab National Bank,110.0,8.7,1.63,1774323.73,20.42,9.61
PNB,Punjab National Bank,110.0,8.7,1.63,1825925.6,19.29,10.91
PNB,Punjab National Bank,110.0,8.7,1.63,2086779.73,20.74,8.38
PNB,Punjab National Bank,110.0,8.7,1.63,2107018.91,21.47,10.12
POWERGRID,Power Grid Corporation of India Ltd,99.0,19.0,13.2,253564.15,70.85,7.24
POWERGRID,Power Grid Corporation of India Ltd,99.0,19.0,13.2,270631.91,65.69,3.16
POWERGRID,Power Grid Corporation of India Ltd,99.0,19.0,13.2,277274.49,37.33,5.79
POWERGRID,Power Grid Corporation of India Ltd,99.0,19.0,13.2,300348.19,30.87,8.89
POWERGRID,Power Grid Corporation of India Ltd,99.0,19.0,13.2,300792.57,31.09,12.44
POWERGRID,Power Grid Corporation of India Ltd,99.0,19.0,13.2,372584.24,64.39,5.1
RECLTD,REC Ltd,279.0,22.2,10.0,252889.41,55.19,7.65
RECLTD,REC Ltd,279.0,22.2,10.0,291917.42,31.49,4.59
RECLTD,REC Ltd,279.0,22.2,10.0,306600.13,16.55,4.55
RECLTD,REC Ltd,279.0,22.2,10.0,324371.96,74.2,3.44
RECLTD,REC Ltd,279.0,22.2,10.0,326394.54,30.66,6.23
RECLTD,REC Ltd,279.0,22.2,10.0,362149.73,77.79,3.64
RELIANCE,"Reliance Industries Ltd
",606.0,9.25,9.61,421125.76,34.76,7.47
RELIANCE,"Reliance Industries Ltd
",606.0,9.25,9.61,432472.71,58.34,3.25
RELIANCE,"Reliance Industries Ltd
",606.0,9.25,9.61,449714.02,75.41,8.7
RELIANCE,"Reliance Industries Ltd
",606.0,9.25,9.61,477545.63,14.91,14.48
RELIANCE,"Reliance Industries Ltd
",606.0,9.25,9.61,552791.93,62.77,2.06
RELIANCE,"Reliance Industries Ltd
",606.0,9.25,9.61,648684.98,42.66,12.4
SBILIFE,SBI Life Insurance Company Ltd,162.0,12.0,13.2,491285.25,41.21,6.55
SBILIFE,SBI Life Insurance Company Ltd,162.0,12.0,13.2,625311.99,10.2,6.98
SBILIFE,SBI Life Insurance Company Ltd,162.0,12.0,13.2,654418.26,76.94,1.19
SBILIFE,SBI Life Insurance Company Ltd,162.0,12.0,13.2,703278.16,60.68,3.62
SBILIFE,SBI Life Insurance Company Ltd,162.0,12.0,13.2,781640.88,47.37,11.71
SBILIFE,SBI Life Insurance Company Ltd,162.0,12.0,13.2,886097.71,69.98,9.48
SBIN,State Bank of India,465.0,17.3,6.16,1482417.4,28.31,2.13
SBIN,State Bank of India,465.0,17.3,6.16,1692341.99,47.04,2.29
SBIN,State Bank of India,465.0,17.3,6.16,1705155.98,43.56,13.01
SBIN,State Bank of India,465.0,17.3,6.16,2187008.32,62.26,7.26
SBIN,State Bank of India,465.0,17.3,6.16,2400436.05,54.93,2.72
SBIN,State Bank of India,465.0,17.3,6.16,2664457.97,72.12,7.09
SHREECEM,Shree Cement Ltd,5787.0,12.2,14.8,1156357.29,35.24,14.91
SHREECEM,Shree Cement Ltd,5787.0,12.2,14.8,1370108.42,67.14,8.03
SHREECEM,Shree Cement Ltd,5787.0,12.2,14.8,1568926.09,32.7,6.72
SHREECEM,Shree Cement Ltd,5787.0,12.2,14.8,1932061.03,25.68,0.89
SHREECEM,Shree Cement Ltd,5787.0,12.2,14.8,2414420.31,36.21,8.67
SHREECEM,Shree Cement Ltd,5787.0,12.2,14.8,3154358.33,25.87,1.21
SHRIRAMFIN,"Shriram Finance Ltd
",279.0,15.9,11.3,513251.36,11.8,11.36
SHRIRAMFIN,"Shriram Finance Ltd
",279.0,15.9,11.3,594898.99,79.88,0.51
SHRIRAMFIN,"Shriram Finance Ltd
",279.0,15.9,11.3,652156.9,37.85,14.56
SHRIRAMFIN,"Shriram Finance Ltd
",279.0,15.9,11.3,721018.22,56.67,6.47
SHRIRAMFIN,"Shriram Finance Ltd
",279.0,15.9,11.3,816109.58,27.14,10.02
SHRIRAMFIN,"Shriram Finance Ltd
",279.0,15.9,11.3,868933.47,68.53,7.91
SIEMENS,Siemens Ltd,431.0,19.1,25.6,821304.84,41.13,10.16
SIEMENS,Siemens Ltd,431.0,19.1,25.6,882073.22,76.63,4.67
SIEMENS,Siemens Ltd,431.0,19.1,25.6,911257.72,10.54,5.57
SIEMENS,Siemens Ltd,431.0,19.1,25.6,951918.38,23.09,1.05
SIEMENS,Siemens Ltd,431.0,19.1,25.6,1145547.03,48.76,12.77
SIEMENS,Siemens Ltd,431.0,19.1,25.6,1191331.95,33.32,9.25
SUNPHARMA,Sun Pharmaceuticals Industries Ltd,288.0,16.7,17.3,714309.02,42.97,2.81
SUNPHARMA,Sun Pharmaceuticals Industries Ltd,288.0,16.7,17.3,758612.89,74.3,10.71
SUNPHARMA,Sun Pharmaceuticals Industries Ltd,288.0,16.7,17.3,794888.64,12.16,2.14
SUNPHARMA,Sun Pharmaceuticals Industries Ltd,288.0,16.7,17.3,812572.94,11.76,9.71
SUNPHARMA,Sun Pharmaceuticals Industries Ltd,288.0,16.7,17.3,1064162.39,24.58,7.54
SUNPHARMA,Sun Pharmaceuticals Industries Ltd,288.0,16.7,17.3,1339586.09,37.9,6.71
TATACONSUM,Tata Consumer Products Ltd,193.0,8.32,10.6,298527.54,20.52,1.59
TATACONSUM,Tata Consumer Products Ltd,193.0,8.32,10.6,304809.07,9.49,3.65
TATACONSUM,Tata Consumer Products Ltd,193.0,8.32,10.6,307664.97,14.67,8.63
TATACONSUM,Tata Consumer Products Ltd,193.0,8.32,10.6,314022.94,66.35,4.55
TATACONSUM,Tata Consumer Products Ltd,193.0,8.32,10.6,350543.35,54.79,7.14
TATACONSUM,Tata Consumer Products Ltd,193.0,8.32,10.6,365505.69,77.06,7.38
TATAMOTORS,Tata Motors Ltd,275.0,49.4,20.1,919827.57,14.79,1.74
TATAMOTORS,Tata Motors Ltd,275.0,49.4,20.1,1047137.5,26.23,11.5
TATAMOTORS,Tata Motors Ltd,275.0,49.4,20.1,1182658.61,29.26,10.95
TATAMOTORS,Tata Motors Ltd,275.0,49.4,20.1,1385832.42,56.26,6.18
TATAMOTORS,Tata Motors Ltd,275.0,49.4,20.1,1427382.48,34.17,1.87
TATAMOTORS,Tata Motors Ltd,275.0,49.4,20.1,1504106.64,67.07,0.93
TATAPOWER,"Tata Power Company Ltd
",105.0,11.3,11.1,1402442.85,14.5,4.29
TATAPOWER,"Tata Power Company Ltd
",105.0,11.3,11.1,1446057.42,58.26,0.71
TATAPOWER,"Tata Power Company Ltd
",105.0,11.3,11.1,1458746.25,22.32,3.71
TATAPOWER,"Tata Power Company Ltd
",105.0,11.3,11.1,1511545.08,72.1,1.81
TATAPOWER,"Tata Power Company Ltd
",105.0,11.3,11.1,1592398.68,24.7,10.29
TATAPOWER,"Tata Power Company Ltd
",105.0,11.3,11.1,1647269.48,14.5,3.48
TATASTEEL,"Tata Steel Ltd
",72.0,6.55,7.02,293941.16,52.14,11.02
TATASTEEL,"Tata Steel Ltd
",72.0,6.55,7.02,320309.06,19.23,3.0
TATASTEEL,"Tata Steel Ltd
",72.0,6.55,7.02,339775.94,73.73,10.62
TATASTEEL,"Tata Steel Ltd
",72.0,6.55,7.02,358418.76,33.03,9.76
TATASTEEL,"Tata Steel Ltd
",72.0,6.55,7.02,363770.91,55.54,7.39
TATASTEEL,"Tata Steel Ltd
",72.0,6.55,7.02,369110.65,48.97,9.23
TCS,Tata Consultancy Services Ltd,281.0,0.52,64.3,286225.25,47.53,2.11
TCS,Tata Consultancy Services Ltd,281.0,0.52,64.3,290730.69,57.2,0.61
TCS,Tata Consultancy Services Ltd,281.0,0.52,64.3,351038.19,79.57,11.14
TCS,Tata Consultancy Services Ltd,281.0,0.52,64.3,405916.42,8.74,13.8
TCS,Tata Consultancy Services Ltd,281.0,0.52,64.3,422088.96,46.18,8.56
TCS,Tata Consultancy Services Ltd,281.0,0.52,64.3,461188.15,78.69,6.08
TECHM,Tech Mahindra Ltd,270.0,8.63,11.9,1639903.22,8.39,4.82
TECHM,Tech Mahindra Ltd,270.0,8.63,11.9,1800162.47,60.09,4.41
TECHM,Tech Mahindra Ltd,270.0,8.63,11.9,1860679.7,51.58,1.63
TECHM,Tech Mahindra Ltd,270.0,8.63,11.9,2390842.75,47.31,13.71
TECHM,Tech Mahindra Ltd,270.0,8.63,11.9,3021095.64,57.4,7.43
TECHM,Tech Mahindra Ltd,270.0,8.63,11.9,3048920.3,41.79,3.57
TITAN,"Titan Company Ltd
",110.0,32.9,22.7,1135740.07,63.2,11.39
TITAN,"Titan Company Ltd
",110.0,32.9,22.7,1301076.74,18.73,5.89
TITAN,"Titan Company Ltd
",110.0,32.9,22.7,1401305.03,26.55,3.88
TITAN,"Titan Company Ltd
",110.0,32.9,22.7,1599747.79,72.03,9.49
TITAN,"Titan Company Ltd
",110.0,32.9,22.7,1793769.72,10.13,10.51
TITAN,"Titan Company Ltd
",110.0,32.9,22.7,1862221.59,28.61,3.98
TORNTPHARM,Torrent Pharmaceuticals Ltd,222.0,24.2,23.2,961478.14,78.75,1.44
TORNTPHARM,Torrent Pharmaceuticals Ltd,222.0,24.2,23.2,1046185.12,42.51,11.26
TORNTPHARM,Torrent Pharmaceuticals Ltd,222.0,24.2,23.2,1212490.1,65.62,1.87
TORNTPHARM,Torrent Pharmaceuticals Ltd,222.0,24.2,23.2,1227158.01,51.26,10.52
TORNTPHARM,Torrent Pharmaceuticals Ltd,222.0,24.2,23.2,1641817.42,38.01,12.97
TORNTPHARM,Torrent Pharmaceuticals Ltd,222.0,24.2,23.2,1870170.39,46.4,6.43
TRENT,Trent Ltd,132.0,27.2,23.8,571322.04,8.65,11.82
TRENT,Trent Ltd,132.0,27.2,23.8,583656.73,65.94,9.88
TRENT,Trent Ltd,132.0,27.2,23.8,607706.78,68.1,13.78
TRENT,Trent Ltd,132.0,27.2,23.8,700098.06,78.02,14.33
TRENT,Trent Ltd,132.0,27.2,23.8,704799.66,50.52,9.53
TRENT,Trent Ltd,132.0,27.2,23.8,709354.25,70.85,12.21
TVSMOTOR,TVS Motor Company Ltd,,,,143093.33,15.6,6.89
TVSMOTOR,TVS Motor Company Ltd,,,,170247.22,24.28,4.64
TVSMOTOR,TVS Motor Company Ltd,,,,206731.04,68.15,7.31
TVSMOTOR,TVS Motor Company Ltd,,,,215205.91,46.5,7.83
TVSMOTOR,TVS Motor Company Ltd,,,,249058.89,8.52,13.87
TVSMOTOR,TVS Motor Company Ltd,,,,266591.41,46.1,5.62
